AccessTime,PreviousAccessTime,ReloadFlag
42858.651087962964,42858.635046296295,1